Order_Date,Country,Product_Category,Sales_Amount,Profit_Margin,Shipping_Cost,Order_Status,Profit_Amount,Gross_Profit,Net_Profit
2024-01-02,France,Fashion,1302.53,0.05,95.63,Delivered,65.12650000000001,65.12650000000001,-30.50349999999999
2024-01-02,Germany,Beauty,286.93,0.11,48.05,Cancelled,31.5623,31.5623,-16.487699999999997
2024-01-02,France,Sports,1025.6795811518323,0.19,55.54,Cancelled,194.87912041884815,194.87912041884815,139.33912041884815
2024-01-04,USA,Electronics,92.56,0.26,74.69,Returned,24.0656,24.0656,-50.624399999999994
2024-01-05,France,Sports,1025.6795811518323,0.29,78.31,Cancelled,297.44707853403133,297.44707853403133,219.13707853403133
2024-01-05,Canada,Beauty,415.45,0.29,63.74,Delivered,120.48049999999999,120.48049999999999,56.74049999999999
2024-01-06,Unknown,Fashion,1325.64,0.15,30.01,Returned,198.846,198.846,168.836
2024-01-09,UK,Home Decor,576.15,0.24,76.86,Cancelled,138.27599999999998,138.27599999999998,61.41599999999998
2024-01-09,France,Beauty,1933.35,0.25,21.51,Cancelled,483.3375,483.3375,461.8275
2024-01-13,France,Beauty,1562.44,0.18,16.03,Returned,281.2392,281.2392,265.2092
2024-01-13,UK,Electronics,1584.46,0.22,44.59,Delivered,348.5812,348.5812,303.99120000000005
2024-01-14,Unknown,Home Decor,1858.0,0.22,45.81,Not Available,408.76,408.76,362.95
2024-01-15,UK,Sports,182.94,0.05,88.83,Returned,9.147,9.147,-79.68299999999999
2024-01-15,Unknown,Beauty,73.64,0.2,74.29,Cancelled,14.728000000000002,14.728000000000002,-59.562000000000005
2024-01-17,Canada,Beauty,1876.8,0.16,17.52,Returned,300.288,300.288,282.76800000000003
2024-01-18,Unknown,Sports,1894.11,0.06,20.55,Delivered,113.64659999999999,113.64659999999999,93.0966
2024-01-20,France,Home Decor,1176.31,0.22,68.35,Not Available,258.7882,258.7882,190.43820000000002
2024-01-21,Unknown,Home Decor,1094.86,0.2,18.59,Returned,218.97199999999998,218.97199999999998,200.38199999999998
2024-01-22,USA,Home Decor,1331.06,0.24,55.51,Returned,319.45439999999996,319.45439999999996,263.9444
2024-01-22,France,Electronics,491.98,0.16,94.93,Delivered,78.7168,78.7168,-16.2132
2024-01-26,UK,Electronics,1020.73,0.05,16.81,Not Available,51.036500000000004,51.036500000000004,34.2265
2024-01-27,Canada,Sports,1530.83,0.18,85.41,Delivered,275.5494,275.5494,190.1394
2024-01-28,Germany,Sports,516.4,0.15,37.26,Cancelled,77.46,77.46,40.199999999999996
2024-01-28,USA,Electronics,179.97,0.23,74.66,Cancelled,41.393100000000004,41.393100000000004,-33.26689999999999
2024-01-29,Germany,Beauty,1789.57,0.22,80.76,Cancelled,393.7054,393.7054,312.9454
2024-02-02,UK,Home Decor,901.86,0.11,84.57,Returned,99.2046,99.2046,14.634600000000006
2024-02-02,USA,Others,171.47,0.29,91.17,Cancelled,49.726299999999995,49.726299999999995,-41.44370000000001
2024-02-04,Germany,Sports,1574.95,0.2,60.77,Not Available,314.99,314.99,254.22
2024-02-04,UK,Beauty,1344.39,0.13,75.92,Delivered,174.7707,174.7707,98.8507
2024-02-04,Germany,Electronics,927.08,0.16,80.26,Cancelled,148.33280000000002,148.33280000000002,68.07280000000002
2024-02-05,Unknown,Electronics,1912.9,0.16,76.1,Returned,306.064,306.064,229.96400000000003
2024-02-05,Unknown,Beauty,609.92,0.29,97.13,Delivered,176.87679999999997,176.87679999999997,79.74679999999998
2024-02-06,Unknown,Beauty,1369.11,0.23,28.03,Cancelled,314.89529999999996,314.89529999999996,286.86529999999993
2024-02-06,Canada,Others,1945.41,0.09,15.2,Delivered,175.0869,175.0869,159.88690000000003
2024-02-07,UK,Beauty,161.26,0.12,19.23,Not Available,19.3512,19.3512,0.1211999999999982
2024-02-08,Canada,Beauty,177.15,0.26,26.51,Returned,46.059000000000005,46.059000000000005,19.549000000000003
2024-02-08,Canada,Sports,1918.24,0.26,75.11,Not Available,498.74240000000003,498.74240000000003,423.6324
2024-02-10,Unknown,Others,335.43,0.18,68.92,Delivered,60.3774,60.3774,-8.5426
2024-02-10,Unknown,Fashion,335.43,0.18,68.92,Delivered,60.3774,60.3774,-8.5426
2024-02-10,Unknown,Sports,1968.17,0.16,48.04,Returned,314.90720000000005,314.90720000000005,266.8672
2024-02-11,UK,Electronics,1952.95,0.23,92.89,Delivered,449.17850000000004,449.17850000000004,356.28850000000006
2024-02-13,France,Electronics,342.83,0.14,26.13,Not Available,47.9962,47.9962,21.866200000000003
2024-02-13,UK,Electronics,1710.28,0.21,62.21,Delivered,359.1588,359.1588,296.9488
2024-02-14,Canada,Fashion,1292.54,0.16,83.54,Cancelled,206.8064,206.8064,123.26639999999999
2024-02-15,France,Sports,1963.53,0.22,41.88,Returned,431.9766,431.9766,390.0966
2024-02-16,Canada,Beauty,945.57,0.19,34.38,Cancelled,179.65830000000003,179.65830000000003,145.27830000000003
2024-02-17,Unknown,Home Decor,1043.37,0.26,82.6,Delivered,271.27619999999996,271.27619999999996,188.67619999999997
2024-02-18,Unknown,Home Decor,181.84,0.12,78.16,Not Available,21.8208,21.8208,-56.3392
2024-02-18,USA,Electronics,1142.33,0.27,24.52,Cancelled,308.4291,308.4291,283.9091
2024-02-19,USA,Others,1025.6795811518323,0.22,27.24,Delivered,225.6495078534031,225.6495078534031,198.40950785340308
2024-02-20,USA,Sports,1793.28,0.14,10.75,Cancelled,251.05920000000003,251.05920000000003,240.30920000000003
2024-02-20,Germany,Fashion,531.61,0.06,55.28,Cancelled,31.8966,31.8966,-23.3834
2024-02-20,Canada,Sports,1137.68,0.27,10.81,Returned,307.1736,307.1736,296.3636
2024-02-21,Germany,Beauty,241.26,0.12,40.2,Cancelled,28.951199999999996,28.951199999999996,-11.248800000000006
2024-02-21,France,Home Decor,1632.95,0.29,35.01,Returned,473.5555,473.5555,438.5455
2024-02-22,France,Beauty,1691.9,0.17,16.8,Returned,287.62300000000005,287.62300000000005,270.82300000000004
2024-02-22,UK,Home Decor,1730.93,0.12,94.67,Returned,207.7116,207.7116,113.0416
2024-02-22,Unknown,Home Decor,1985.34,0.07,78.49,Cancelled,138.9738,138.9738,60.483800000000016
2024-02-22,France,Sports,1452.74,0.29,90.14,Returned,421.29459999999995,421.29459999999995,331.15459999999996
2024-02-23,USA,Home Decor,1769.76,0.11,22.63,Delivered,194.6736,194.6736,172.0436
2024-02-23,Germany,Sports,852.94,0.26,28.56,Cancelled,221.76440000000002,221.76440000000002,193.20440000000002
2024-02-23,USA,Beauty,1025.6795811518323,0.16,13.5,Returned,164.10873298429317,164.10873298429317,150.60873298429317
2024-02-23,France,Sports,1309.33,0.14,33.78,Not Available,183.30620000000002,183.30620000000002,149.52620000000002
2024-02-23,France,Sports,1058.67,0.17,43.16,Not Available,179.97390000000001,179.97390000000001,136.81390000000002
2024-02-24,France,Fashion,957.15,0.23,93.36,Delivered,220.1445,220.1445,126.7845
2024-02-27,UK,Others,1319.4,0.1,45.27,Delivered,131.94000000000003,131.94000000000003,86.67000000000002
2024-02-27,Unknown,Fashion,1035.15,0.25,15.98,Returned,258.7875,258.7875,242.80750000000003
2024-02-27,UK,Beauty,1690.82,0.16,33.77,Not Available,270.5312,270.5312,236.7612
2024-02-28,Unknown,Beauty,505.74,0.12,52.92,Returned,60.6888,60.6888,7.768799999999999
2024-02-29,France,Fashion,1786.0,0.25,77.5,Not Available,446.5,446.5,369.0
2024-02-29,UK,Electronics,1196.99,0.1,70.56,Not Available,119.69900000000001,119.69900000000001,49.13900000000001
2024-03-02,France,Beauty,1637.24,0.21,77.88,Not Available,343.8204,343.8204,265.9404
2024-03-02,Unknown,Fashion,1335.74,0.13,59.18,Delivered,173.6462,173.6462,114.46619999999999
2024-03-03,Germany,Home Decor,1299.61,0.07,97.58,Returned,90.9727,90.9727,-6.607299999999995
2024-03-03,Unknown,Sports,908.63,0.21,53.56,Not Available,190.8123,190.8123,137.2523
2024-03-03,USA,Fashion,263.99,0.18,34.67,Delivered,47.5182,47.5182,12.848199999999999
2024-03-05,Germany,Beauty,313.57,0.06,35.42,Delivered,18.8142,18.8142,-16.605800000000002
2024-03-06,USA,Others,1808.44,0.26,31.15,Delivered,470.19440000000003,470.19440000000003,439.04440000000005
2024-03-08,Canada,Sports,555.63,0.29,69.78,Delivered,161.1327,161.1327,91.3527
2024-03-15,UK,Electronics,222.77,0.14,66.72,Returned,31.187800000000003,31.187800000000003,-35.532199999999996
2024-03-21,Germany,Home Decor,1245.23,0.26,46.32,Not Available,323.75980000000004,323.75980000000004,277.43980000000005
2024-03-21,Canada,Fashion,1317.89,0.14,37.35,Delivered,184.50460000000004,184.50460000000004,147.15460000000004
2024-03-21,France,Electronics,120.51,0.07,69.1,Delivered,8.4357,8.4357,-60.6643
2024-03-26,USA,Home Decor,1689.7,0.25,97.32,Delivered,422.425,422.425,325.105
2024-03-28,Unknown,Home Decor,1209.23,0.06,98.31,Returned,72.5538,72.5538,-25.756200000000007
2024-03-29,USA,Others,1346.58,0.28,20.67,Not Available,377.04240000000004,377.04240000000004,356.3724
2024-04-01,UK,Beauty,1721.5,0.08,43.53,Returned,137.72,137.72,94.19
2024-04-01,Germany,Sports,1691.96,0.06,77.88,Cancelled,101.5176,101.5176,23.637600000000006
2024-04-01,USA,Beauty,737.13,0.21,72.31,Not Available,154.7973,154.7973,82.4873
2024-04-04,UK,Sports,539.38,0.23,60.12,Not Available,124.0574,124.0574,63.937400000000004
2024-04-05,Germany,Sports,1002.07,0.17,98.07,Delivered,170.35190000000003,170.35190000000003,72.28190000000004
2024-04-05,USA,Electronics,131.8,0.08,95.0,Cancelled,10.544,10.544,-84.456
2024-04-06,Germany,Beauty,1290.77,0.29,28.24,Not Available,374.32329999999996,374.32329999999996,346.08329999999995
2024-04-06,UK,Fashion,1000.76,0.07,64.95,Delivered,70.0532,70.0532,5.103200000000001
2024-04-07,Unknown,Fashion,1201.18,0.08,95.21,Not Available,96.09440000000001,96.09440000000001,0.8844000000000136
2024-04-08,France,Home Decor,1021.6,0.24,56.93,Returned,245.184,245.184,188.254
2024-04-08,France,Beauty,849.31,0.23,11.97,Delivered,195.3413,195.3413,183.3713
2024-04-08,USA,Sports,1708.7,0.12,47.42,Cancelled,205.044,205.044,157.62400000000002
2024-04-08,Canada,Sports,1266.6,0.06,69.49,Delivered,75.996,75.996,6.506
2024-04-08,USA,Beauty,1025.6795811518323,0.21,56.73,Delivered,215.39271204188478,215.39271204188478,158.6627120418848
2024-04-08,USA,Sports,1025.6795811518323,0.23,29.3,Returned,235.90630366492144,235.90630366492144,206.60630366492143
2024-04-09,Unknown,Sports,1976.18,0.21,86.84,Returned,414.9978,414.9978,328.15779999999995
2024-04-10,Canada,Sports,74.58,0.17,76.8,Not Available,12.678600000000001,12.678600000000001,-64.1214
2024-04-10,France,Home Decor,857.55,0.15,13.82,Returned,128.6325,128.6325,114.8125
2024-04-10,USA,Electronics,775.73,0.19,26.14,Returned,147.3887,147.3887,121.2487
2024-04-12,Unknown,Electronics,1723.45,0.07,68.87,Cancelled,120.64150000000001,120.64150000000001,51.7715
2024-04-13,Germany,Sports,1869.57,0.29,68.44,Delivered,542.1753,542.1753,473.7353
2024-04-13,USA,Fashion,1747.63,0.12,83.92,Returned,209.7156,209.7156,125.7956
2024-04-15,Unknown,Fashion,824.11,0.13,13.24,Cancelled,107.13430000000001,107.13430000000001,93.89430000000002
2024-04-15,Unknown,Electronics,517.75,0.12,16.93,Delivered,62.129999999999995,62.129999999999995,45.199999999999996
2024-04-17,USA,Beauty,1060.9,0.22,87.64,Returned,233.39800000000002,233.39800000000002,145.75800000000004
2024-04-17,Germany,Beauty,1476.42,0.19,78.28,Not Available,280.51980000000003,280.51980000000003,202.23980000000003
2024-04-21,USA,Home Decor,1598.68,0.25,75.95,Cancelled,399.67,399.67,323.72
2024-04-21,UK,Electronics,1582.02,0.18,36.31,Not Available,284.7636,284.7636,248.4536
2024-04-22,Canada,Beauty,892.55,0.19,97.36,Returned,169.5845,169.5845,72.22449999999999
2024-04-22,Canada,Beauty,480.19,0.08,32.35,Returned,38.4152,38.4152,6.065199999999997
2024-04-22,Unknown,Beauty,519.35,0.13,73.41,Not Available,67.5155,67.5155,-5.894499999999994
2024-04-22,USA,Fashion,1960.94,0.2,27.91,Not Available,392.18800000000005,392.18800000000005,364.278
2024-04-22,Germany,Home Decor,488.0,0.09,56.68,Delivered,43.92,43.92,-12.759999999999998
2024-04-23,Canada,Beauty,945.52,0.22,11.63,Not Available,208.0144,208.0144,196.3844
2024-04-25,Unknown,Beauty,273.8,0.21,72.68,Cancelled,57.498,57.498,-15.18200000000001
2024-04-25,Unknown,Electronics,896.34,0.07,50.89,Returned,62.74380000000001,62.74380000000001,11.853800000000007
2024-04-25,Germany,Electronics,1339.67,0.14,91.55,Cancelled,187.55380000000002,187.55380000000002,96.00380000000003
2024-04-29,USA,Beauty,1025.6795811518323,0.07,69.36,Delivered,71.79757068062827,71.79757068062827,2.4375706806282693
2024-04-29,Canada,Beauty,908.39,0.07,90.58,Cancelled,63.587300000000006,63.587300000000006,-26.992699999999992
2024-04-30,Unknown,Electronics,1560.57,0.2,84.95,Cancelled,312.11400000000003,312.11400000000003,227.16400000000004
2024-05-02,UK,Home Decor,1465.66,0.19,70.84,Returned,278.47540000000004,278.47540000000004,207.63540000000003
2024-05-03,UK,Beauty,362.14,0.17,73.1,Cancelled,61.5638,61.5638,-11.536199999999994
2024-05-03,France,Fashion,246.24,0.28,26.91,Cancelled,68.94720000000001,68.94720000000001,42.03720000000001
2024-05-04,UK,Home Decor,212.75,0.26,82.4,Delivered,55.315000000000005,55.315000000000005,-27.085
2024-05-05,France,Sports,1025.6795811518323,0.16,64.33,Cancelled,164.10873298429317,164.10873298429317,99.77873298429317
2024-05-06,UK,Home Decor,693.92,0.13,71.98,Returned,90.2096,90.2096,18.22959999999999
2024-05-07,UK,Home Decor,373.26,0.14,64.51,Returned,52.256400000000006,52.256400000000006,-12.253599999999999
2024-05-07,USA,Fashion,1018.1,0.22,41.84,Delivered,223.982,223.982,182.142
2024-05-07,Unknown,Beauty,215.34,0.14,87.88,Returned,30.147600000000004,30.147600000000004,-57.73239999999999
2024-05-07,Unknown,Fashion,444.84,0.08,49.1,Delivered,35.587199999999996,35.587199999999996,-13.512800000000006
2024-05-08,UK,Others,658.04,0.18,10.0,Delivered,118.4472,118.4472,108.4472
2024-05-08,France,Fashion,340.33,0.27,65.2,Cancelled,91.8891,91.8891,26.689099999999996
2024-05-09,Germany,Home Decor,948.05,0.21,16.93,Delivered,199.0905,199.0905,182.16049999999998
2024-05-09,Canada,Sports,435.07,0.1,41.19,Not Available,43.507000000000005,43.507000000000005,2.3170000000000073
2024-05-10,Canada,Beauty,1550.14,0.07,36.69,Not Available,108.50980000000001,108.50980000000001,71.81980000000001
2024-05-10,UK,Home Decor,1917.37,0.11,29.99,Cancelled,210.9107,210.9107,180.92069999999998
2024-05-10,France,Beauty,1580.55,0.26,62.6,Delivered,410.943,410.943,348.34299999999996
2024-05-10,Unknown,Beauty,838.42,0.24,27.72,Not Available,201.22079999999997,201.22079999999997,173.50079999999997
2024-05-13,Canada,Sports,1291.51,0.14,14.65,Returned,180.81140000000002,180.81140000000002,166.16140000000001
2024-05-14,France,Fashion,441.82,0.13,75.6,Returned,57.4366,57.4366,-18.163399999999996
2024-05-14,France,Home Decor,327.39,0.28,39.28,Returned,91.6692,91.6692,52.3892
2024-05-14,France,Fashion,310.29,0.2,56.35,Cancelled,62.05800000000001,62.05800000000001,5.7080000000000055
2024-05-15,USA,Home Decor,907.05,0.28,57.03,Delivered,253.97400000000002,253.97400000000002,196.94400000000002
2024-05-16,Unknown,Fashion,210.23,0.18,65.92,Cancelled,37.8414,37.8414,-28.0786
2024-05-18,Canada,Home Decor,471.27,0.2,30.35,Delivered,94.254,94.254,63.904
2024-05-19,Germany,Electronics,1143.29,0.12,93.94,Delivered,137.1948,137.1948,43.25479999999999
2024-05-21,France,Beauty,1089.41,0.29,99.75,Not Available,315.9289,315.9289,216.1789
2024-05-22,USA,Home Decor,667.69,0.25,41.55,Delivered,166.9225,166.9225,125.37250000000002
2024-05-22,USA,Beauty,945.92,0.21,44.25,Not Available,198.64319999999998,198.64319999999998,154.39319999999998
2024-05-23,USA,Fashion,1258.2,0.12,15.63,Returned,150.984,150.984,135.354
2024-05-23,Canada,Beauty,1752.98,0.27,89.47,Not Available,473.30460000000005,473.30460000000005,383.8346
2024-05-23,Unknown,Fashion,388.84,0.22,48.24,Delivered,85.5448,85.5448,37.30479999999999
2024-05-24,UK,Sports,928.18,0.23,83.96,Cancelled,213.4814,213.4814,129.52140000000003
2024-05-26,Germany,Home Decor,728.49,0.27,44.45,Cancelled,196.69230000000002,196.69230000000002,152.2423
2024-05-26,USA,Fashion,416.65,0.27,19.17,Not Available,112.4955,112.4955,93.3255
2024-05-26,France,Fashion,1804.68,0.12,10.18,Returned,216.5616,216.5616,206.3816
2024-05-26,USA,Fashion,200.26,0.24,16.16,Not Available,48.0624,48.0624,31.902399999999997
2024-05-27,Germany,Fashion,243.4,0.12,50.52,Returned,29.208,29.208,-21.312000000000005
2024-05-27,UK,Home Decor,743.0,0.3,10.75,Returned,222.9,222.9,212.15
2024-05-29,Canada,Sports,884.99,0.25,95.63,Returned,221.2475,221.2475,125.6175
2024-05-29,Canada,Fashion,1770.71,0.06,79.55,Delivered,106.2426,106.2426,26.6926
2024-05-30,UK,Sports,1458.04,0.28,88.97,Delivered,408.25120000000004,408.25120000000004,319.2812
2024-05-30,France,Electronics,554.31,0.21,60.46,Delivered,116.40509999999999,116.40509999999999,55.94509999999999
2024-05-31,UK,Home Decor,286.7,0.06,48.95,Cancelled,17.201999999999998,17.201999999999998,-31.748000000000005
2024-05-31,UK,Electronics,1587.8,0.07,34.2,Cancelled,111.146,111.146,76.946
2024-05-31,France,Electronics,1405.53,0.27,96.46,Not Available,379.4931,379.4931,283.03310000000005
2024-06-01,Germany,Beauty,1325.87,0.05,29.59,Returned,66.2935,66.2935,36.70349999999999
2024-06-01,Germany,Beauty,1687.61,0.06,37.09,Returned,101.25659999999999,101.25659999999999,64.16659999999999
2024-06-03,Canada,Beauty,1525.67,0.21,32.79,Cancelled,320.3907,320.3907,287.60069999999996
2024-06-05,Unknown,Others,766.69,0.05,23.64,Not Available,38.334500000000006,38.334500000000006,14.694500000000005
2024-06-06,UK,Others,1025.6795811518323,0.17,72.65,Returned,174.3655287958115,174.3655287958115,101.71552879581151
2024-06-06,France,Home Decor,557.31,0.29,90.18,Cancelled,161.61989999999997,161.61989999999997,71.43989999999997
2024-06-06,Germany,Beauty,184.47,0.17,88.87,Returned,31.359900000000003,31.359900000000003,-57.5101
2024-06-08,Germany,Sports,1619.73,0.26,65.51,Not Available,421.12980000000005,421.12980000000005,355.61980000000005
2024-06-08,Canada,Beauty,665.04,0.12,12.27,Delivered,79.80479999999999,79.80479999999999,67.53479999999999
2024-06-08,Canada,Electronics,1084.09,0.28,43.65,Cancelled,303.5452,303.5452,259.89520000000005
2024-06-08,France,Others,1329.52,0.27,18.29,Delivered,358.97040000000004,358.97040000000004,340.6804
2024-06-09,USA,Fashion,1793.67,0.15,27.11,Cancelled,269.0505,269.0505,241.9405
2024-06-09,UK,Fashion,209.36,0.16,66.83,Delivered,33.497600000000006,33.497600000000006,-33.33239999999999
2024-06-09,Canada,Home Decor,1884.32,0.21,26.71,Returned,395.7072,395.7072,368.9972
2024-06-09,Unknown,Home Decor,337.53,0.15,69.98,Not Available,50.62949999999999,50.62949999999999,-19.35050000000001
2024-06-10,USA,Electronics,456.6,0.2,56.5,Not Available,91.32000000000001,91.32000000000001,34.82000000000001
2024-06-11,Unknown,Sports,97.17,0.15,68.97,Delivered,14.5755,14.5755,-54.3945
2024-06-11,France,Fashion,169.63,0.27,10.13,Delivered,45.8001,45.8001,35.6701
2024-06-13,Canada,Fashion,626.12,0.15,75.94,Cancelled,93.91799999999999,93.91799999999999,17.977999999999994
2024-06-15,USA,Sports,928.22,0.12,12.63,Not Available,111.3864,111.3864,98.7564
2024-06-17,USA,Sports,1060.25,0.17,24.44,Not Available,180.2425,180.2425,155.8025
2024-06-18,Germany,Home Decor,1103.02,0.28,74.65,Returned,308.84560000000005,308.84560000000005,234.19560000000004
2024-06-18,UK,Sports,1822.98,0.14,89.43,Cancelled,255.21720000000002,255.21720000000002,165.7872
2024-06-18,France,Beauty,1025.6795811518323,0.13,77.66,Cancelled,133.3383455497382,133.3383455497382,55.6783455497382
2024-06-18,USA,Sports,949.88,0.28,73.44,Not Available,265.9664,265.9664,192.52640000000002
2024-06-19,France,Beauty,1580.78,0.26,24.67,Not Available,411.0028,411.0028,386.33279999999996
2024-06-20,Unknown,Sports,1077.73,0.2,17.06,Delivered,215.54600000000002,215.54600000000002,198.48600000000002
2024-06-20,Unknown,Electronics,151.9,0.28,11.72,Not Available,42.532000000000004,42.532000000000004,30.812000000000005
2024-06-20,UK,Electronics,1025.6795811518323,0.09,35.72,Cancelled,92.3111623036649,92.3111623036649,56.5911623036649
2024-06-20,Germany,Fashion,1470.56,0.15,95.63,Not Available,220.58399999999997,220.58399999999997,124.95399999999998
2024-06-21,Canada,Home Decor,1025.6795811518323,0.18,15.99,Not Available,184.6223246073298,184.6223246073298,168.6323246073298
2024-06-22,Germany,Sports,1049.38,0.27,55.7,Returned,283.33260000000007,283.33260000000007,227.63260000000008
2024-06-23,UK,Beauty,1988.57,0.26,54.9,Delivered,517.0282,517.0282,462.1282
2024-06-24,UK,Fashion,102.98,0.12,50.62,Returned,12.3576,12.3576,-38.2624
2024-06-24,UK,Home Decor,1472.54,0.23,81.04,Delivered,338.68420000000003,338.68420000000003,257.6442
2024-06-27,Germany,Home Decor,1001.32,0.07,87.55,Delivered,70.09240000000001,70.09240000000001,-17.457599999999985
2024-06-28,France,Beauty,621.0,0.27,66.91,Not Available,167.67000000000002,167.67000000000002,100.76000000000002
2024-06-28,USA,Sports,1969.02,0.15,80.38,Returned,295.353,295.353,214.973
2024-06-29,UK,Electronics,489.37,0.29,65.47,Cancelled,141.91729999999998,141.91729999999998,76.44729999999998
2024-07-02,Germany,Home Decor,306.87,0.17,32.58,Returned,52.1679,52.1679,19.587900000000005
2024-07-04,France,Home Decor,346.6,0.12,69.55,Delivered,41.592,41.592,-27.958
2024-07-05,France,Sports,903.33,0.25,11.03,Cancelled,225.8325,225.8325,214.8025
2024-07-05,Unknown,Fashion,1889.0,0.16,76.41,Returned,302.24,302.24,225.83
2024-07-05,Unknown,Fashion,950.04,0.3,71.21,Returned,285.012,285.012,213.80200000000002
2024-07-06,France,Fashion,1319.21,0.25,67.66,Delivered,329.8025,329.8025,262.14250000000004
2024-07-06,Germany,Electronics,390.94,0.2,39.9,Cancelled,78.188,78.188,38.288000000000004
2024-07-06,UK,Electronics,1144.38,0.08,48.6,Not Available,91.55040000000001,91.55040000000001,42.95040000000001
2024-07-08,France,Sports,388.37,0.21,63.2,Returned,81.5577,81.5577,18.357699999999994
2024-07-08,Unknown,Beauty,1249.83,0.29,10.48,Not Available,362.4506999999999,362.4506999999999,351.9706999999999
2024-07-08,France,Electronics,73.61,0.21,88.43,Delivered,15.4581,15.4581,-72.9719
2024-07-08,Germany,Beauty,699.35,0.23,60.86,Returned,160.8505,160.8505,99.99050000000001
2024-07-09,UK,Fashion,1727.27,0.06,73.19,Cancelled,103.63619999999999,103.63619999999999,30.44619999999999
2024-07-09,UK,Fashion,1842.81,0.27,95.54,Returned,497.55870000000004,497.55870000000004,402.0187
2024-07-10,USA,Home Decor,1928.62,0.25,56.34,Delivered,482.155,482.155,425.81499999999994
2024-07-10,Canada,Electronics,584.61,0.17,16.58,Returned,99.3837,99.3837,82.8037
2024-07-12,Unknown,Others,702.3,0.25,78.8,Returned,175.575,175.575,96.77499999999999
2024-07-13,Germany,Beauty,207.17,0.21,58.2,Delivered,43.5057,43.5057,-14.694300000000005
2024-07-14,Unknown,Beauty,1647.17,0.14,90.02,Returned,230.60380000000004,230.60380000000004,140.58380000000005
2024-07-16,Canada,Sports,395.99,0.21,63.91,Cancelled,83.1579,83.1579,19.2479
2024-07-16,USA,Beauty,1540.53,0.09,35.89,Cancelled,138.6477,138.6477,102.75769999999999
2024-07-16,Unknown,Others,1041.3,0.25,19.53,Cancelled,260.325,260.325,240.795
2024-07-17,USA,Fashion,1130.74,0.26,18.34,Not Available,293.99240000000003,293.99240000000003,275.65240000000006
2024-07-19,Canada,Beauty,1534.19,0.09,62.88,Delivered,138.0771,138.0771,75.1971
2024-07-19,Unknown,Beauty,286.7,0.23,74.14,Not Available,65.941,65.941,-8.198999999999998
2024-07-20,Unknown,Electronics,1864.66,0.23,78.29,Delivered,428.87180000000006,428.87180000000006,350.58180000000004
2024-07-21,Canada,Fashion,371.39,0.06,96.85,Not Available,22.283399999999997,22.283399999999997,-74.5666
2024-07-24,Canada,Fashion,1432.05,0.08,42.27,Cancelled,114.564,114.564,72.29399999999998
2024-07-25,Germany,Home Decor,469.64,0.28,72.75,Returned,131.4992,131.4992,58.7492
2024-07-26,UK,Fashion,701.76,0.24,92.87,Not Available,168.42239999999998,168.42239999999998,75.55239999999998
2024-07-26,Germany,Beauty,1952.44,0.14,86.95,Not Available,273.3416,273.3416,186.39160000000004
2024-07-26,Unknown,Beauty,1671.81,0.28,33.42,Not Available,468.1068,468.1068,434.6868
2024-07-31,Germany,Beauty,724.89,0.11,39.84,Delivered,79.7379,79.7379,39.89789999999999
2024-08-01,USA,Beauty,304.89,0.08,73.84,Not Available,24.391199999999998,24.391199999999998,-49.448800000000006
2024-08-02,France,Fashion,324.39,0.24,75.05,Returned,77.8536,77.8536,2.803600000000003
2024-08-02,USA,Fashion,1116.06,0.18,28.83,Not Available,200.89079999999998,200.89079999999998,172.06079999999997
2024-08-02,Canada,Beauty,1025.6795811518323,0.24,54.78,Returned,246.16309947643973,246.16309947643973,191.38309947643972
2024-08-03,UK,Beauty,1249.68,0.06,45.39,Returned,74.9808,74.9808,29.5908
2024-08-04,France,Electronics,1232.19,0.17,82.98,Not Available,209.47230000000002,209.47230000000002,126.49230000000001
2024-08-05,UK,Home Decor,988.62,0.22,19.23,Returned,217.4964,217.4964,198.2664
2024-08-05,Canada,Fashion,1564.07,0.3,36.76,Not Available,469.22099999999995,469.22099999999995,432.46099999999996
2024-08-05,Germany,Home Decor,1984.71,0.2,49.3,Delivered,396.942,396.942,347.642
2024-08-07,Germany,Electronics,866.65,0.14,24.92,Not Available,121.331,121.331,96.411
2024-08-07,Canada,Electronics,1779.5,0.06,45.79,Not Available,106.77,106.77,60.98
2024-08-09,USA,Fashion,683.12,0.06,73.11,Delivered,40.9872,40.9872,-32.1228
2024-08-10,UK,Electronics,1025.6795811518323,0.26,72.29,Not Available,266.6766910994764,266.6766910994764,194.38669109947637
2024-08-11,Unknown,Home Decor,1729.67,0.19,34.17,Delivered,328.63730000000004,328.63730000000004,294.4673
2024-08-12,UK,Beauty,1700.7,0.14,35.87,Delivered,238.09800000000004,238.09800000000004,202.22800000000004
2024-08-12,France,Fashion,1915.18,0.14,70.54,Not Available,268.1252,268.1252,197.5852
2024-08-12,USA,Fashion,1549.99,0.06,46.41,Cancelled,92.9994,92.9994,46.5894
2024-08-13,Germany,Electronics,1025.6795811518323,0.06,87.29,Not Available,61.54077486910993,61.54077486910993,-25.749225130890075
2024-08-14,Germany,Sports,1290.55,0.07,84.23,Returned,90.33850000000001,90.33850000000001,6.1085000000000065
2024-08-14,USA,Home Decor,767.13,0.08,95.7,Returned,61.370400000000004,61.370400000000004,-34.3296
2024-08-16,France,Fashion,1286.58,0.18,39.21,Delivered,231.5844,231.5844,192.37439999999998
2024-08-17,USA,Others,600.26,0.08,45.35,Not Available,48.0208,48.0208,2.6708
2024-08-18,France,Electronics,782.98,0.14,95.24,Returned,109.61720000000001,109.61720000000001,14.377200000000016
2024-08-18,USA,Beauty,188.95,0.21,36.1,Returned,39.6795,39.6795,3.579499999999996
2024-08-18,USA,Electronics,1405.32,0.15,86.36,Not Available,210.79799999999997,210.79799999999997,124.43799999999997
2024-08-18,Germany,Home Decor,936.04,0.05,27.57,Cancelled,46.802,46.802,19.232
2024-08-20,USA,Fashion,954.67,0.05,32.08,Cancelled,47.7335,47.7335,15.653500000000001
2024-08-20,Canada,Fashion,1658.85,0.09,76.41,Cancelled,149.29649999999998,149.29649999999998,72.88649999999998
2024-08-20,UK,Fashion,1607.49,0.13,70.43,Returned,208.9737,208.9737,138.5437
2024-08-20,UK,Sports,389.51,0.3,70.66,Returned,116.853,116.853,46.193
2024-08-21,Germany,Beauty,794.78,0.15,80.54,Not Available,119.21699999999998,119.21699999999998,38.67699999999998
2024-08-23,USA,Others,185.38,0.23,56.93,Not Available,42.6374,42.6374,-14.2926
2024-08-23,USA,Sports,185.38,0.23,56.93,Not Available,42.6374,42.6374,-14.2926
2024-08-24,Germany,Beauty,1299.9,0.17,28.64,Returned,220.98300000000003,220.98300000000003,192.34300000000002
2024-08-24,USA,Electronics,819.23,0.23,54.66,Delivered,188.4229,188.4229,133.7629
2024-08-25,France,Fashion,1915.4,0.12,94.7,Delivered,229.848,229.848,135.14800000000002
2024-08-27,France,Beauty,1025.6795811518323,0.12,76.29,Cancelled,123.08154973821986,123.08154973821986,46.79154973821986
2024-08-28,Canada,Sports,1696.5,0.16,41.08,Cancelled,271.44,271.44,230.36
2024-08-29,France,Home Decor,507.55,0.2,92.76,Returned,101.51,101.51,8.75
2024-08-30,USA,Fashion,546.61,0.16,73.33,Delivered,87.4576,87.4576,14.127600000000001
2024-08-31,UK,Sports,167.28,0.19,30.58,Delivered,31.7832,31.7832,1.2032000000000025
2024-09-02,France,Fashion,1555.42,0.18,81.24,Returned,279.9756,279.9756,198.73559999999998
2024-09-03,Germany,Fashion,1100.47,0.13,51.97,Returned,143.0611,143.0611,91.09110000000001
2024-09-03,UK,Home Decor,1970.11,0.21,68.37,Not Available,413.7231,413.7231,345.3531
2024-09-08,UK,Beauty,56.28,0.08,32.28,Delivered,4.502400000000001,4.502400000000001,-27.7776
2024-09-08,Unknown,Sports,832.91,0.1,96.18,Returned,83.291,83.291,-12.88900000000001
2024-09-08,Canada,Beauty,835.81,0.18,28.42,Not Available,150.4458,150.4458,122.02579999999999
2024-09-08,Canada,Fashion,1541.38,0.1,85.22,Cancelled,154.13800000000003,154.13800000000003,68.91800000000003
2024-09-09,Unknown,Sports,1459.49,0.14,25.45,Cancelled,204.32860000000002,204.32860000000002,178.87860000000003
2024-09-09,Germany,Electronics,742.24,0.06,96.41,Cancelled,44.5344,44.5344,-51.8756
2024-09-10,France,Sports,1144.89,0.26,84.07,Not Available,297.67140000000006,297.67140000000006,213.60140000000007
2024-09-10,Canada,Beauty,871.43,0.12,15.76,Not Available,104.57159999999999,104.57159999999999,88.81159999999998
2024-09-11,Germany,Sports,466.35,0.29,64.9,Not Available,135.2415,135.2415,70.3415
2024-09-11,USA,Electronics,87.42,0.22,56.25,Returned,19.232400000000002,19.232400000000002,-37.0176
2024-09-12,Germany,Sports,1025.6795811518323,0.1,57.93,Returned,102.56795811518323,102.56795811518323,44.63795811518323
2024-09-13,USA,Fashion,71.51,0.14,74.3,Returned,10.011400000000002,10.011400000000002,-64.2886
2024-09-14,UK,Home Decor,1400.25,0.12,74.06,Returned,168.03,168.03,93.97
2024-09-15,Unknown,Beauty,1984.03,0.14,32.78,Not Available,277.7642,277.7642,244.98420000000002
2024-09-15,Unknown,Electronics,241.87,0.16,14.67,Delivered,38.699200000000005,38.699200000000005,24.029200000000003
2024-09-16,Canada,Sports,922.04,0.16,25.77,Cancelled,147.5264,147.5264,121.7564
2024-09-17,Canada,Home Decor,1989.99,0.08,69.67,Delivered,159.1992,159.1992,89.52919999999999
2024-09-18,Germany,Sports,1104.55,0.11,62.09,Not Available,121.5005,121.5005,59.4105
2024-09-19,Unknown,Electronics,1406.46,0.22,34.37,Cancelled,309.4212,309.4212,275.0512
2024-09-20,France,Beauty,536.62,0.13,87.29,Not Available,69.7606,69.7606,-17.52940000000001
2024-09-20,Canada,Sports,299.04,0.07,80.88,Not Available,20.932800000000004,20.932800000000004,-59.947199999999995
2024-09-20,UK,Fashion,1078.43,0.29,27.55,Returned,312.7447,312.7447,285.1947
2024-09-20,USA,Sports,1605.93,0.24,43.79,Not Available,385.4232,385.4232,341.6332
2024-09-21,Germany,Electronics,828.67,0.27,99.39,Not Available,223.7409,223.7409,124.35090000000001
2024-09-23,France,Others,1025.6795811518323,0.07,67.39,Cancelled,71.79757068062827,71.79757068062827,4.407570680628268
2024-09-24,Unknown,Beauty,1330.13,0.15,34.87,Returned,199.51950000000002,199.51950000000002,164.64950000000002
2024-09-24,Unknown,Beauty,247.04,0.13,26.35,Not Available,32.1152,32.1152,5.7652
2024-09-25,France,Electronics,1438.43,0.11,91.71,Returned,158.2273,158.2273,66.51730000000002
2024-09-26,Canada,Sports,792.22,0.08,90.47,Cancelled,63.3776,63.3776,-27.092399999999998
2024-09-27,Germany,Sports,682.45,0.29,24.64,Cancelled,197.9105,197.9105,173.27050000000003
2024-09-27,USA,Electronics,373.61,0.11,56.62,Returned,41.097100000000005,41.097100000000005,-15.522899999999993
2024-09-27,France,Fashion,1621.55,0.21,47.75,Not Available,340.52549999999997,340.52549999999997,292.77549999999997
2024-09-29,Unknown,Fashion,1765.18,0.27,85.25,Returned,476.59860000000003,476.59860000000003,391.34860000000003
2024-09-30,USA,Electronics,1524.52,0.24,53.28,Not Available,365.8848,365.8848,312.60479999999995
2024-10-01,USA,Home Decor,1260.81,0.05,34.48,Cancelled,63.0405,63.0405,28.560500000000005
2024-10-03,Canada,Sports,1691.77,0.21,71.66,Returned,355.2717,355.2717,283.61170000000004
2024-10-03,Germany,Electronics,217.03,0.19,98.31,Not Available,41.2357,41.2357,-57.0743
2024-10-03,Unknown,Sports,1564.59,0.12,77.35,Not Available,187.75079999999997,187.75079999999997,110.40079999999998
2024-10-06,Canada,Home Decor,1622.49,0.1,47.73,Returned,162.24900000000002,162.24900000000002,114.51900000000003
2024-10-06,Canada,Beauty,1689.37,0.23,34.4,Returned,388.5551,388.5551,354.1551
2024-10-06,Germany,Electronics,1849.38,0.29,55.62,Not Available,536.3202,536.3202,480.7002
2024-10-06,Germany,Electronics,1236.63,0.23,45.19,Returned,284.42490000000004,284.42490000000004,239.23490000000004
2024-10-07,Canada,Home Decor,1707.45,0.24,40.35,Returned,409.788,409.788,369.438
2024-10-09,USA,Fashion,317.36,0.05,93.96,Not Available,15.868000000000002,15.868000000000002,-78.09199999999998
2024-10-09,Canada,Fashion,580.3,0.05,70.92,Cancelled,29.015,29.015,-41.905
2024-10-09,UK,Others,628.24,0.13,66.24,Cancelled,81.6712,81.6712,15.431200000000004
2024-10-10,France,Electronics,1247.17,0.2,55.43,Cancelled,249.43400000000003,249.43400000000003,194.00400000000002
2024-10-10,Canada,Electronics,115.55,0.26,24.43,Cancelled,30.043,30.043,5.6129999999999995
2024-10-10,Canada,Sports,124.93,0.26,49.39,Cancelled,32.4818,32.4818,-16.9082
2024-10-12,Unknown,Sports,177.46,0.23,49.53,Returned,40.8158,40.8158,-8.714199999999998
2024-10-12,Germany,Others,1048.83,0.16,59.74,Returned,167.81279999999998,167.81279999999998,108.07279999999997
2024-10-14,France,Sports,151.32,0.2,81.35,Cancelled,30.264,30.264,-51.086
2024-10-14,Canada,Home Decor,1967.87,0.12,51.78,Cancelled,236.1444,236.1444,184.3644
2024-10-15,Germany,Sports,1025.6795811518323,0.2,89.35,Returned,205.13591623036646,205.13591623036646,115.78591623036647
2024-10-15,UK,Beauty,946.61,0.23,97.02,Not Available,217.7203,217.7203,120.70030000000001
2024-10-19,Unknown,Sports,647.19,0.11,63.16,Not Available,71.19090000000001,71.19090000000001,8.030900000000017
2024-10-20,Canada,Electronics,1036.41,0.28,38.16,Not Available,290.19480000000004,290.19480000000004,252.03480000000005
2024-10-20,USA,Beauty,1462.46,0.08,49.33,Returned,116.99680000000001,116.99680000000001,67.66680000000001
2024-10-21,USA,Beauty,299.79,0.15,48.88,Returned,44.9685,44.9685,-3.9115000000000038
2024-10-22,UK,Sports,1025.6795811518323,0.07,26.75,Cancelled,71.79757068062827,71.79757068062827,45.04757068062827
2024-10-24,Canada,Beauty,813.48,0.22,32.35,Cancelled,178.9656,178.9656,146.6156
2024-10-25,USA,Sports,1970.73,0.08,40.03,Not Available,157.6584,157.6584,117.6284
2024-10-27,Unknown,Beauty,100.33,0.1,58.52,Returned,10.033000000000001,10.033000000000001,-48.487
2024-10-28,France,Sports,344.93,0.24,96.39,Not Available,82.7832,82.7832,-13.606800000000007
2024-10-30,France,Sports,164.17,0.21,43.4,Cancelled,34.475699999999996,34.475699999999996,-8.924300000000002
2024-10-30,Unknown,Sports,1180.97,0.22,82.46,Not Available,259.8134,259.8134,177.35340000000002
2024-10-30,USA,Electronics,727.32,0.14,24.88,Cancelled,101.82480000000001,101.82480000000001,76.94480000000001
2024-10-30,Canada,Home Decor,1742.71,0.17,90.33,Returned,296.26070000000004,296.26070000000004,205.93070000000006
2024-10-30,Germany,Electronics,412.9,0.08,19.94,Delivered,33.032,33.032,13.091999999999995
2024-10-31,USA,Electronics,864.63,0.16,62.53,Not Available,138.3408,138.3408,75.8108
2024-11-01,Unknown,Sports,1330.72,0.15,82.32,Not Available,199.608,199.608,117.28800000000001
2024-11-02,Germany,Home Decor,1025.6795811518323,0.17,86.32,Cancelled,174.3655287958115,174.3655287958115,88.04552879581152
2024-11-02,France,Fashion,1268.09,0.06,16.15,Returned,76.08539999999999,76.08539999999999,59.935399999999994
2024-11-03,USA,Sports,60.2,0.24,77.35,Returned,14.448,14.448,-62.901999999999994
2024-11-03,France,Fashion,703.66,0.15,29.34,Cancelled,105.54899999999999,105.54899999999999,76.20899999999999
2024-11-04,Canada,Fashion,1449.32,0.22,99.53,Not Available,318.8504,318.8504,219.32039999999998
2024-11-05,Unknown,Sports,1221.16,0.24,88.01,Cancelled,293.0784,293.0784,205.0684
2024-11-05,UK,Electronics,101.08,0.28,46.87,Cancelled,28.302400000000002,28.302400000000002,-18.567599999999995
2024-11-06,Germany,Fashion,1013.71,0.25,38.24,Cancelled,253.4275,253.4275,215.1875
2024-11-08,Germany,Fashion,1070.49,0.17,58.76,Delivered,181.9833,181.9833,123.22330000000002
2024-11-09,UK,Beauty,1617.03,0.27,59.36,Delivered,436.59810000000004,436.59810000000004,377.23810000000003
2024-11-09,Canada,Fashion,680.57,0.08,91.71,Cancelled,54.445600000000006,54.445600000000006,-37.26439999999999
2024-11-10,Unknown,Home Decor,1560.54,0.16,39.92,Delivered,249.6864,249.6864,209.76639999999998
2024-11-11,UK,Beauty,1930.73,0.2,88.96,Delivered,386.146,386.146,297.18600000000004
2024-11-11,UK,Electronics,1601.13,0.26,36.0,Returned,416.29380000000003,416.29380000000003,380.29380000000003
2024-11-12,Germany,Fashion,851.64,0.08,20.58,Cancelled,68.1312,68.1312,47.55120000000001
2024-11-13,Germany,Fashion,1937.33,0.29,40.06,Not Available,561.8257,561.8257,521.7656999999999
2024-11-13,USA,Beauty,1223.67,0.26,47.65,Returned,318.1542,318.1542,270.5042
2024-11-14,UK,Fashion,1319.74,0.09,81.66,Not Available,118.7766,118.7766,37.116600000000005
2024-11-15,USA,Sports,1146.48,0.07,67.09,Not Available,80.2536,80.2536,13.163600000000002
2024-11-16,Unknown,Sports,1287.44,0.13,16.67,Delivered,167.36720000000003,167.36720000000003,150.6972
2024-11-17,USA,Sports,589.96,0.05,43.26,Delivered,29.498000000000005,29.498000000000005,-13.761999999999993
2024-11-18,France,Electronics,995.16,0.14,20.39,Cancelled,139.32240000000002,139.32240000000002,118.93240000000002
2024-11-18,USA,Beauty,1113.59,0.21,90.61,Not Available,233.85389999999998,233.85389999999998,143.2439
2024-11-19,USA,Home Decor,1877.91,0.1,34.07,Cancelled,187.79100000000003,187.79100000000003,153.72100000000003
2024-11-20,France,Electronics,1478.96,0.18,63.79,Not Available,266.2128,266.2128,202.42280000000002
2024-11-21,Unknown,Fashion,1287.61,0.07,82.27,Not Available,90.1327,90.1327,7.862700000000004
2024-11-21,Canada,Electronics,68.2,0.17,46.73,Returned,11.594000000000001,11.594000000000001,-35.135999999999996
2024-11-22,UK,Home Decor,1121.58,0.13,13.38,Delivered,145.8054,145.8054,132.4254
2024-11-22,UK,Sports,1391.86,0.13,85.51,Cancelled,180.9418,180.9418,95.4318
2024-11-23,USA,Fashion,641.39,0.2,83.51,Not Available,128.278,128.278,44.76799999999999
2024-11-24,USA,Sports,238.52,0.12,48.58,Cancelled,28.6224,28.6224,-19.9576
2024-11-26,USA,Electronics,502.3,0.13,14.5,Cancelled,65.299,65.299,50.79900000000001
2024-11-26,Germany,Electronics,131.26,0.27,21.85,Delivered,35.4402,35.4402,13.590199999999996
2024-12-03,UK,Electronics,1025.6795811518323,0.16,10.81,Returned,164.10873298429317,164.10873298429317,153.29873298429317
2024-12-03,Canada,Fashion,1653.84,0.06,16.4,Cancelled,99.23039999999999,99.23039999999999,82.8304
2024-12-03,Germany,Fashion,756.36,0.12,19.49,Cancelled,90.7632,90.7632,71.2732
2024-12-05,Unknown,Home Decor,1488.0,0.09,82.0,Delivered,133.92,133.92,51.91999999999999
2024-12-05,Germany,Electronics,1102.92,0.25,45.32,Cancelled,275.73,275.73,230.41000000000003
2024-12-05,France,Sports,1303.0,0.18,94.27,Not Available,234.54,234.54,140.26999999999998
2024-12-07,Unknown,Beauty,409.24,0.14,73.79,Cancelled,57.293600000000005,57.293600000000005,-16.4964
2024-12-07,France,Fashion,1935.9,0.25,78.99,Returned,483.975,483.975,404.985
2024-12-07,Germany,Electronics,442.66,0.08,52.68,Not Available,35.412800000000004,35.412800000000004,-17.267199999999995
2024-12-08,Unknown,Home Decor,607.52,0.12,28.48,Not Available,72.9024,72.9024,44.422399999999996
2024-12-09,Unknown,Sports,893.37,0.19,78.9,Delivered,169.7403,169.7403,90.84029999999998
2024-12-09,Unknown,Electronics,1982.95,0.28,98.3,Cancelled,555.2260000000001,555.2260000000001,456.9260000000001
2024-12-10,France,Home Decor,1062.17,0.28,97.96,Not Available,297.40760000000006,297.40760000000006,199.44760000000008
2024-12-10,Canada,Home Decor,1928.07,0.08,48.27,Not Available,154.2456,154.2456,105.97559999999999
2024-12-11,UK,Electronics,520.34,0.27,51.55,Not Available,140.4918,140.4918,88.94180000000001
2024-12-11,USA,Fashion,1479.49,0.17,70.52,Delivered,251.51330000000002,251.51330000000002,180.99330000000003
2024-12-11,France,Electronics,743.21,0.14,51.3,Delivered,104.04940000000002,104.04940000000002,52.74940000000002
2024-12-11,Unknown,Electronics,1959.25,0.29,67.27,Not Available,568.1825,568.1825,500.9125
2024-12-11,Germany,Sports,347.21,0.1,14.04,Delivered,34.721,34.721,20.680999999999997
2024-12-13,Unknown,Electronics,1446.83,0.09,24.15,Delivered,130.2147,130.2147,106.06469999999999
2024-12-14,UK,Electronics,731.54,0.22,31.08,Returned,160.9388,160.9388,129.85879999999997
2024-12-14,UK,Electronics,1466.6,0.2,62.46,Not Available,293.32,293.32,230.85999999999999
2024-12-14,Germany,Beauty,798.47,0.07,55.24,Delivered,55.892900000000004,55.892900000000004,0.6529000000000025
2024-12-15,USA,Sports,1652.19,0.25,74.48,Not Available,413.0475,413.0475,338.5675
2024-12-16,France,Home Decor,1762.05,0.15,95.18,Delivered,264.3075,264.3075,169.1275
2024-12-17,Germany,Beauty,1118.52,0.09,82.64,Returned,100.6668,100.6668,18.026799999999994
2024-12-17,France,Home Decor,1578.39,0.15,49.02,Not Available,236.7585,236.7585,187.7385
2024-12-19,Unknown,Others,1816.98,0.12,16.18,Not Available,218.0376,218.0376,201.8576
2024-12-20,UK,Beauty,255.67,0.08,44.9,Not Available,20.453599999999998,20.453599999999998,-24.4464
2024-12-20,Canada,Electronics,747.71,0.09,28.2,Delivered,67.29390000000001,67.29390000000001,39.093900000000005
2024-12-24,Canada,Sports,1337.59,0.22,59.4,Cancelled,294.2698,294.2698,234.86979999999997
2024-12-24,Canada,Beauty,1532.57,0.2,43.24,Delivered,306.514,306.514,263.274
2024-12-25,USA,Home Decor,880.86,0.22,59.0,Cancelled,193.7892,193.7892,134.7892
2024-12-25,UK,Home Decor,687.52,0.26,63.05,Cancelled,178.7552,178.7552,115.7052
2024-12-25,Unknown,Fashion,171.43,0.17,28.39,Returned,29.143100000000004,29.143100000000004,0.7531000000000034
2024-12-25,USA,Electronics,316.06,0.28,31.78,Not Available,88.49680000000001,88.49680000000001,56.716800000000006
2024-12-25,USA,Fashion,752.27,0.26,92.64,Delivered,195.5902,195.5902,102.95020000000001
2024-12-29,USA,Electronics,1474.77,0.08,42.13,Not Available,117.9816,117.9816,75.85159999999999
2024-12-30,USA,Fashion,96.1,0.12,13.95,Not Available,11.531999999999998,11.531999999999998,-2.418000000000001
2024-12-30,USA,Fashion,1233.83,0.22,50.1,Cancelled,271.44259999999997,271.44259999999997,221.34259999999998
2024-12-30,Canada,Home Decor,236.64,0.26,48.95,Not Available,61.526399999999995,61.526399999999995,12.576399999999992
2024-12-30,Unknown,Fashion,1434.97,0.1,66.92,Cancelled,143.497,143.497,76.57700000000001
2024-12-30,France,Electronics,1732.45,0.26,51.37,Returned,450.437,450.437,399.067
2024-12-30,France,Home Decor,1301.84,0.21,24.92,Not Available,273.3864,273.3864,248.46639999999996
2024-12-30,UK,Home Decor,1193.89,0.22,16.86,Not Available,262.6558,262.6558,245.79579999999999
2024-12-30,France,Electronics,930.95,0.13,71.17,Cancelled,121.02350000000001,121.02350000000001,49.85350000000001
2024-12-30,UK,Sports,472.64,0.11,59.19,Not Available,51.9904,51.9904,-7.199599999999997
2024-12-30,Canada,Beauty,377.63,0.07,34.72,Not Available,26.4341,26.4341,-8.285899999999998
2024-12-30,UK,Fashion,1486.9,0.09,82.63,Delivered,133.821,133.821,51.191
2024-12-30,UK,Electronics,1266.53,0.22,55.05,Cancelled,278.6366,278.6366,223.58659999999998
2024-12-30,Germany,Beauty,560.33,0.21,59.8,Returned,117.6693,117.6693,57.86930000000001
2024-12-31,Germany,Beauty,409.73,0.11,93.44,Not Available,45.0703,45.0703,-48.369699999999995
2025-01-01,Germany,Others,172.17,0.05,70.63,Cancelled,8.6085,8.6085,-62.021499999999996
2025-01-01,Canada,Beauty,308.42,0.09,16.21,Not Available,27.7578,27.7578,11.547799999999999
2025-01-01,UK,Fashion,1065.87,0.2,92.66,Returned,213.17399999999998,213.17399999999998,120.51399999999998
2025-01-03,Canada,Beauty,987.9,0.29,17.3,Cancelled,286.491,286.491,269.191
2025-01-04,Germany,Sports,1660.66,0.14,55.64,Returned,232.49240000000003,232.49240000000003,176.85240000000005
2025-01-05,USA,Fashion,1239.94,0.19,95.75,Cancelled,235.5886,235.5886,139.8386
2025-01-05,USA,Beauty,1407.0,0.05,38.9,Not Available,70.35000000000001,70.35000000000001,31.45000000000001
2025-01-06,UK,Sports,968.78,0.21,52.65,Not Available,203.44379999999998,203.44379999999998,150.79379999999998
2025-01-06,France,Sports,1107.36,0.27,87.95,Not Available,298.9872,298.9872,211.03719999999998
2025-01-07,Germany,Sports,1018.7,0.13,81.38,Delivered,132.431,132.431,51.051000000000016
2025-01-07,Unknown,Electronics,550.23,0.17,19.48,Returned,93.5391,93.5391,74.0591
2025-01-08,UK,Home Decor,1305.61,0.12,15.09,Delivered,156.67319999999998,156.67319999999998,141.58319999999998
2025-01-09,USA,Electronics,1515.18,0.09,41.9,Delivered,136.3662,136.3662,94.46619999999999
2025-01-11,Germany,Beauty,738.84,0.15,32.54,Not Available,110.82600000000001,110.82600000000001,78.286
2025-01-13,USA,Electronics,163.42,0.3,30.19,Cancelled,49.025999999999996,49.025999999999996,18.835999999999995
2025-01-14,UK,Fashion,1152.39,0.23,64.7,Delivered,265.04970000000003,265.04970000000003,200.34970000000004
2025-01-14,Germany,Sports,1613.0,0.08,72.51,Returned,129.04,129.04,56.52999999999999
2025-01-14,Unknown,Fashion,1030.0,0.12,72.43,Delivered,123.6,123.6,51.16999999999999
2025-01-18,Unknown,Home Decor,943.46,0.18,37.88,Not Available,169.8228,169.8228,131.9428
2025-01-18,USA,Sports,1196.15,0.12,54.2,Cancelled,143.538,143.538,89.33800000000001
2025-01-19,UK,Home Decor,176.46,0.3,85.46,Cancelled,52.938,52.938,-32.52199999999999
2025-01-19,UK,Sports,1841.91,0.2,69.11,Returned,368.38200000000006,368.38200000000006,299.27200000000005
2025-01-19,Unknown,Fashion,1488.14,0.07,81.7,Returned,104.16980000000002,104.16980000000002,22.46980000000002
2025-01-20,France,Fashion,709.62,0.14,98.23,Not Available,99.34680000000002,99.34680000000002,1.116800000000012
2025-01-20,UK,Sports,1025.6795811518323,0.16,63.42,Cancelled,164.10873298429317,164.10873298429317,100.68873298429317
2025-01-20,Unknown,Sports,1857.65,0.11,43.46,Delivered,204.34150000000002,204.34150000000002,160.88150000000002
2025-01-20,Canada,Home Decor,449.52,0.23,75.11,Cancelled,103.3896,103.3896,28.279600000000002
2025-01-21,Germany,Fashion,1859.76,0.19,16.08,Returned,353.3544,353.3544,337.2744
2025-01-22,Unknown,Beauty,342.59,0.19,87.09,Returned,65.0921,65.0921,-21.9979
2025-01-22,France,Home Decor,220.9,0.27,19.16,Not Available,59.64300000000001,59.64300000000001,40.483000000000004
2025-01-22,USA,Home Decor,1025.6795811518323,0.06,69.62,Returned,61.54077486910993,61.54077486910993,-8.079225130890073
2025-01-24,Germany,Fashion,1129.91,0.18,29.88,Delivered,203.3838,203.3838,173.5038
2025-01-25,Germany,Home Decor,447.34,0.05,45.05,Returned,22.367,22.367,-22.682999999999996
2025-01-26,Canada,Fashion,346.45,0.18,30.74,Delivered,62.361,62.361,31.621
2025-01-26,Germany,Beauty,991.79,0.16,32.5,Returned,158.6864,158.6864,126.18639999999999
2025-01-27,UK,Beauty,1093.85,0.21,84.48,Delivered,229.7085,229.7085,145.2285
2025-01-27,UK,Home Decor,929.92,0.06,53.66,Returned,55.795199999999994,55.795199999999994,2.1351999999999975
2025-01-29,UK,Sports,1151.79,0.25,95.03,Delivered,287.9475,287.9475,192.9175
2025-02-01,Germany,Home Decor,1751.82,0.14,83.27,Cancelled,245.25480000000002,245.25480000000002,161.9848
2025-02-01,Germany,Electronics,556.64,0.14,55.8,Not Available,77.92960000000001,77.92960000000001,22.12960000000001
2025-02-03,Unknown,Others,1834.43,0.18,49.01,Cancelled,330.1974,330.1974,281.1874
2025-02-04,UK,Others,1644.68,0.11,73.6,Cancelled,180.9148,180.9148,107.31480000000002
2025-02-04,UK,Sports,1025.6795811518323,0.07,42.12,Cancelled,71.79757068062827,71.79757068062827,29.67757068062827
2025-02-05,Canada,Home Decor,1165.15,0.15,15.06,Not Available,174.7725,174.7725,159.7125
2025-02-05,France,Sports,1019.08,0.16,62.35,Cancelled,163.05280000000002,163.05280000000002,100.70280000000002
2025-02-06,USA,Sports,541.87,0.08,97.17,Returned,43.3496,43.3496,-53.8204
2025-02-06,Germany,Fashion,1132.42,0.18,26.97,Returned,203.8356,203.8356,176.8656
2025-02-07,USA,Electronics,1429.98,0.2,58.45,Delivered,285.99600000000004,285.99600000000004,227.54600000000005
2025-02-07,USA,Electronics,1615.15,0.27,36.03,Not Available,436.0905000000001,436.0905000000001,400.06050000000005
2025-02-10,France,Electronics,1993.56,0.05,98.64,Returned,99.678,99.678,1.0379999999999967
2025-02-10,Unknown,Beauty,978.24,0.19,60.59,Cancelled,185.8656,185.8656,125.2756
2025-02-11,France,Sports,791.82,0.15,28.31,Cancelled,118.773,118.773,90.463
2025-02-11,UK,Beauty,689.98,0.15,80.86,Not Available,103.497,103.497,22.637
2025-02-12,Germany,Fashion,1653.1,0.17,91.16,Delivered,281.027,281.027,189.867
2025-02-13,Germany,Beauty,999.77,0.13,46.85,Returned,129.9701,129.9701,83.12010000000001
2025-02-14,Unknown,Fashion,90.84,0.06,41.77,Delivered,5.4504,5.4504,-36.3196
2025-02-17,Germany,Home Decor,253.01,0.19,33.36,Delivered,48.0719,48.0719,14.7119
2025-02-18,France,Sports,1778.08,0.05,76.49,Returned,88.904,88.904,12.414000000000001
2025-02-19,UK,Others,1112.8,0.19,66.13,Cancelled,211.432,211.432,145.302
2025-02-19,USA,Home Decor,1430.28,0.18,47.08,Returned,257.4504,257.4504,210.37040000000002
2025-02-20,Unknown,Home Decor,118.86,0.29,49.06,Cancelled,34.4694,34.4694,-14.590600000000002
2025-02-20,France,Electronics,515.65,0.14,85.9,Returned,72.191,72.191,-13.709000000000003
2025-02-21,Germany,Home Decor,1399.71,0.26,43.38,Returned,363.9246,363.9246,320.5446
2025-02-22,France,Sports,1572.49,0.17,75.64,Returned,267.3233,267.3233,191.68330000000003
2025-02-23,UK,Beauty,447.87,0.15,85.58,Delivered,67.1805,67.1805,-18.399500000000003
2025-02-23,Germany,Electronics,1484.54,0.29,48.48,Returned,430.5166,430.5166,382.03659999999996
2025-02-23,Unknown,Home Decor,641.1,0.28,31.64,Cancelled,179.508,179.508,147.868
2025-02-25,USA,Home Decor,1996.78,0.07,49.83,Returned,139.77460000000002,139.77460000000002,89.94460000000002
2025-02-27,Canada,Electronics,1665.09,0.21,31.74,Not Available,349.66889999999995,349.66889999999995,317.92889999999994
2025-02-27,Germany,Sports,1504.18,0.1,33.28,Delivered,150.418,150.418,117.138
2025-03-03,USA,Beauty,1522.78,0.18,42.14,Delivered,274.1004,274.1004,231.9604
2025-03-06,UK,Others,1583.24,0.12,16.21,Not Available,189.9888,189.9888,173.7788
2025-03-06,Unknown,Home Decor,1660.83,0.26,32.59,Delivered,431.81579999999997,431.81579999999997,399.22579999999994
2025-03-06,USA,Electronics,1663.7,0.24,33.88,Cancelled,399.288,399.288,365.408
2025-03-09,Unknown,Others,1025.6795811518323,0.21,27.93,Delivered,215.39271204188478,215.39271204188478,187.46271204188477
2025-03-13,UK,Fashion,1025.6795811518323,0.24,27.45,Delivered,246.16309947643973,246.16309947643973,218.71309947643974
2025-03-14,Germany,Fashion,969.01,0.08,94.52,Returned,77.5208,77.5208,-16.999200000000002
2025-03-14,France,Beauty,134.19,0.15,11.36,Delivered,20.1285,20.1285,8.7685
2025-03-15,UK,Fashion,906.84,0.24,20.2,Not Available,217.6416,217.6416,197.44160000000002
2025-03-16,France,Beauty,1992.85,0.16,74.26,Cancelled,318.856,318.856,244.596
2025-03-16,Unknown,Home Decor,1795.48,0.2,97.03,Cancelled,359.096,359.096,262.06600000000003
2025-03-17,Germany,Home Decor,1508.74,0.12,19.12,Returned,181.0488,181.0488,161.9288
2025-03-18,USA,Electronics,359.87,0.25,92.24,Returned,89.9675,89.9675,-2.2724999999999937
2025-03-18,USA,Fashion,1610.14,0.24,45.91,Returned,386.4336,386.4336,340.5236
2025-03-19,Germany,Home Decor,204.87,0.27,66.01,Cancelled,55.3149,55.3149,-10.695100000000004
2025-03-19,Canada,Fashion,366.36,0.24,65.84,Delivered,87.9264,87.9264,22.086399999999998
2025-03-19,Canada,Beauty,1265.99,0.3,95.58,Cancelled,379.79699999999997,379.79699999999997,284.217
2025-03-20,France,Fashion,582.49,0.13,24.35,Cancelled,75.72370000000001,75.72370000000001,51.37370000000001
2025-03-21,Unknown,Sports,1025.6795811518323,0.12,11.09,Returned,123.08154973821986,123.08154973821986,111.99154973821986
2025-03-21,USA,Fashion,731.92,0.22,61.46,Delivered,161.0224,161.0224,99.5624
2025-03-21,Germany,Electronics,1376.44,0.09,45.69,Cancelled,123.8796,123.8796,78.1896
2025-03-21,Unknown,Fashion,1025.6795811518323,0.11,35.42,Cancelled,112.82475392670155,112.82475392670155,77.40475392670155
2025-03-21,Unknown,Sports,1355.5,0.13,79.45,Not Available,176.215,176.215,96.765
2025-03-22,USA,Sports,443.93,0.18,69.11,Not Available,79.9074,79.9074,10.797399999999996
2025-03-23,France,Home Decor,1817.55,0.11,26.13,Cancelled,199.9305,199.9305,173.8005
2025-03-24,France,Sports,429.51,0.14,62.54,Delivered,60.131400000000006,60.131400000000006,-2.4085999999999927
2025-03-25,Germany,Electronics,371.18,0.23,66.56,Not Available,85.37140000000001,85.37140000000001,18.811400000000006
2025-03-26,Unknown,Beauty,1251.17,0.19,97.93,Cancelled,237.72230000000002,237.72230000000002,139.7923
2025-03-28,Germany,Fashion,1088.22,0.13,30.66,Cancelled,141.4686,141.4686,110.80860000000001
2025-03-28,USA,Beauty,1226.8,0.05,58.98,Returned,61.34,61.34,2.3600000000000065
2025-03-30,France,Home Decor,223.79,0.26,61.94,Delivered,58.1854,58.1854,-3.7545999999999964
2025-03-31,France,Electronics,1590.56,0.29,80.23,Not Available,461.26239999999996,461.26239999999996,381.03239999999994
2025-03-31,Unknown,Beauty,1216.54,0.25,73.49,Cancelled,304.135,304.135,230.64499999999998
2025-03-31,UK,Others,566.84,0.17,37.61,Returned,96.36280000000001,96.36280000000001,58.75280000000001
2025-04-03,Germany,Home Decor,812.27,0.1,85.93,Not Available,81.227,81.227,-4.703000000000003
2025-04-04,Unknown,Beauty,424.14,0.29,81.33,Cancelled,123.00059999999999,123.00059999999999,41.67059999999999
2025-04-04,France,Fashion,1542.75,0.26,37.7,Delivered,401.115,401.115,363.415
2025-04-04,Canada,Electronics,358.01,0.08,60.32,Not Available,28.6408,28.6408,-31.6792
2025-04-05,UK,Electronics,411.13,0.1,11.09,Delivered,41.113,41.113,30.023
2025-04-05,UK,Sports,1921.17,0.28,75.61,Delivered,537.9276000000001,537.9276000000001,462.3176000000001
2025-04-06,France,Fashion,644.12,0.2,52.87,Returned,128.824,128.824,75.95400000000001
2025-04-06,UK,Fashion,1480.55,0.07,64.14,Delivered,103.63850000000001,103.63850000000001,39.49850000000001
2025-04-07,Germany,Sports,1249.28,0.24,71.69,Not Available,299.8272,299.8272,228.1372
2025-04-08,USA,Home Decor,531.02,0.27,11.39,Cancelled,143.3754,143.3754,131.98540000000003
2025-04-08,France,Fashion,1089.27,0.05,69.99,Returned,54.4635,54.4635,-15.526499999999992
2025-04-13,France,Beauty,181.95,0.29,55.01,Returned,52.765499999999996,52.765499999999996,-2.244500000000002
2025-04-14,USA,Beauty,630.22,0.08,23.93,Not Available,50.4176,50.4176,26.4876
2025-04-14,USA,Sports,313.94,0.18,39.41,Returned,56.5092,56.5092,17.099200000000003
2025-04-15,Germany,Fashion,1109.9,0.16,88.35,Not Available,177.58400000000003,177.58400000000003,89.23400000000004
2025-04-15,Canada,Others,1596.86,0.24,29.81,Cancelled,383.24639999999994,383.24639999999994,353.43639999999994
2025-04-16,Canada,Electronics,1938.55,0.29,67.76,Delivered,562.1795,562.1795,494.41949999999997
2025-04-16,Canada,Electronics,256.05,0.15,14.92,Not Available,38.4075,38.4075,23.487499999999997
2025-04-17,France,Beauty,190.56,0.06,37.88,Delivered,11.4336,11.4336,-26.446400000000004
2025-04-17,Germany,Fashion,768.2,0.18,18.23,Delivered,138.276,138.276,120.046
2025-04-17,France,Electronics,280.76,0.25,49.95,Delivered,70.19,70.19,20.239999999999995
2025-04-18,France,Home Decor,1761.77,0.1,58.21,Returned,176.17700000000002,176.17700000000002,117.96700000000001
2025-04-18,France,Home Decor,296.22,0.11,34.26,Returned,32.5842,32.5842,-1.6757999999999953
2025-04-19,Unknown,Others,1778.88,0.15,25.06,Cancelled,266.832,266.832,241.772
2025-04-19,Canada,Fashion,1610.7,0.26,24.55,Cancelled,418.78200000000004,418.78200000000004,394.232
2025-04-20,France,Sports,1766.15,0.24,32.26,Not Available,423.87600000000003,423.87600000000003,391.61600000000004
2025-04-20,UK,Fashion,1759.47,0.27,31.78,Cancelled,475.05690000000004,475.05690000000004,443.27690000000007
2025-04-21,UK,Beauty,1055.57,0.2,35.42,Not Available,211.114,211.114,175.69400000000002
2025-04-21,Unknown,Sports,954.67,0.05,86.95,Returned,47.7335,47.7335,-39.2165
2025-04-21,USA,Sports,1475.1,0.07,31.74,Cancelled,103.257,103.257,71.51700000000001
2025-04-22,UK,Electronics,1206.44,0.17,11.24,Not Available,205.09480000000002,205.09480000000002,193.8548
2025-04-24,France,Home Decor,662.98,0.09,24.08,Cancelled,59.6682,59.6682,35.5882
2025-04-25,France,Home Decor,1070.61,0.25,58.68,Delivered,267.6525,267.6525,208.97249999999997
2025-04-25,Germany,Electronics,1141.52,0.06,25.29,Delivered,68.49119999999999,68.49119999999999,43.20119999999999
2025-04-25,Canada,Fashion,321.53,0.24,72.46,Delivered,77.1672,77.1672,4.7072
2025-04-28,UK,Electronics,632.51,0.11,16.34,Returned,69.5761,69.5761,53.23609999999999
2025-04-28,France,Beauty,1644.03,0.18,41.77,Delivered,295.92539999999997,295.92539999999997,254.15539999999996
2025-04-29,Unknown,Fashion,391.84,0.05,38.95,Returned,19.592,19.592,-19.358000000000004
2025-04-29,Canada,Home Decor,1487.85,0.08,75.44,Cancelled,119.02799999999999,119.02799999999999,43.587999999999994
2025-04-29,France,Fashion,1641.1,0.29,53.47,Delivered,475.9189999999999,475.9189999999999,422.44899999999996
2025-05-03,Unknown,Beauty,1533.93,0.19,92.31,Returned,291.4467,291.4467,199.13670000000002
2025-05-04,UK,Sports,162.67,0.12,76.77,Not Available,19.5204,19.5204,-57.2496
2025-05-04,USA,Fashion,1062.8,0.15,10.9,Cancelled,159.42,159.42,148.51999999999998
2025-05-04,Germany,Electronics,1354.59,0.15,22.86,Cancelled,203.18849999999998,203.18849999999998,180.32849999999996
2025-05-05,USA,Beauty,883.6,0.17,70.4,Cancelled,150.21200000000002,150.21200000000002,79.81200000000001
2025-05-06,USA,Sports,1036.98,0.12,47.49,Returned,124.4376,124.4376,76.9476
2025-05-06,France,Home Decor,300.37,0.22,61.26,Delivered,66.0814,66.0814,4.821400000000004
2025-05-06,France,Beauty,204.84,0.3,91.74,Delivered,61.452,61.452,-30.287999999999997
2025-05-07,UK,Home Decor,827.39,0.1,79.4,Not Available,82.739,82.739,3.3389999999999986
2025-05-08,France,Home Decor,822.14,0.24,82.34,Delivered,197.31359999999998,197.31359999999998,114.97359999999998
2025-05-11,Germany,Beauty,1185.72,0.3,77.58,Returned,355.716,355.716,278.136
2025-05-11,USA,Electronics,272.49,0.29,29.76,Delivered,79.0221,79.0221,49.26209999999999
2025-05-13,Canada,Fashion,1258.2,0.08,37.38,Cancelled,100.656,100.656,63.276
2025-05-14,Unknown,Electronics,231.33,0.12,64.61,Cancelled,27.7596,27.7596,-36.8504
